{"count":1,"gauges":{},"self":31.268153599999998,"total":31.350766,"children":{"AgentSendState":{"count":1539,"self":0.015822199999999998,"total":0.0167824,"children":{"CollectObservations":{"count":13,"self":0.00096019999999999992,"total":0.00096019999999999992,"children":null},"CollectDiscreteActionMasks":{"count":13,"self":0,"total":0,"children":null}}},"DecideAction":{"count":1539,"self":0.0638223,"total":0.0638223,"children":null},"AgentAct":{"count":1539,"self":0.0009943,"total":0.0009943,"children":null}}}