{"count":1,"gauges":{},"self":8.0256656,"total":8.031695599999999,"children":{"AgentSendState":{"count":373,"self":0.00099779999999999986,"total":0.00099779999999999986,"children":null},"DecideAction":{"count":373,"self":0.0040401,"total":0.0040401,"children":null},"AgentAct":{"count":373,"self":0,"total":0,"children":null}}}